{"id": "49087820_0_461228320225084868_Alphabeticcode", "mappings": [{"id": "http://dbpedia.org/ontology/currencyCode", "score": ""}]}
{"id": "49087820_0_461228320225084868_Numericcode", "mappings": [{"id": "http://dbpedia.org/ontology/inseeCode", "score": ""}, {"id": "http://dbpedia.org/ontology/iso31661Code", "score": ""}, {"id": "http://dbpedia.org/ontology/vehicleCode", "score": ""}]}
{"id": "49087820_0_461228320225084868_Symbol", "mappings": [{"id": "http://dbpedia.org/ontology/symbol", "score": ""}]}
{"id": "84548468_0_5955155464119382182_Director(s)", "mappings": [{"id": "http://dbpedia.org/ontology/director", "score": ""}]}
{"id": "49801939_0_6964113429298874283_HEIGHTINMETERS", "mappings": [{"id": "http://dbpedia.org/ontology/elevation", "score": ""}]}
{"id": "73988811_0_2775758476756716904_Director(s)", "mappings": [{"id": "http://dbpedia.org/ontology/director", "score": ""}]}
{"id": "73988811_0_2775758476756716904_Released", "mappings": [{"id": "http://dbpedia.org/ontology/releaseDate", "score": ""}, {"id": "http://dbpedia.org/ontology/publicationDate", "score": ""}]}
{"id": "58891288_0_1117541047012405958_Year", "mappings": [{"id": "http://dbpedia.org/ontology/year", "score": ""}]}
{"id": "48944826_0_2321751364268052533_Genre", "mappings": [{"id": "http://dbpedia.org/ontology/genre", "score": ""}]}
{"id": "48944826_0_2321751364268052533_System", "mappings": [{"id": "http://dbpedia.org/ontology/platform", "score": ""}]}
{"id": "43237185_1_3636357855502246981_GrantingInstitution", "mappings": [{"id": "http://dbpedia.org/ontology/academicInstitution", "score": ""}]}
{"id": "90325533_0_6668263142989366843_Ashton-under-Lyne", "mappings": [{"id": "http://dbpedia.org/ontology/location", "score": ""}]}
{"id": "86747932_0_7532457067740920052_1T", "mappings": [{"id": "http://dbpedia.org/ontology/airlineCode", "score": ""}]}
{"id": "21801207_0_8144839668470123042_Developer", "mappings": [{"id": "http://dbpedia.org/ontology/developer", "score": ""}]}
{"id": "21801207_0_8144839668470123042_Label", "mappings": [{"id": "http://dbpedia.org/ontology/label", "score": ""}]}
{"id": "21801207_0_8144839668470123042_Publisher", "mappings": [{"id": "http://dbpedia.org/ontology/publisher", "score": ""}]}
{"id": "9206866_1_8114610355671172497_GNI", "mappings": [{"id": "http://dbpedia.org/ontology/grossNationalIncome", "score": ""}]}
{"id": "38428277_0_1311643810102462607_Year", "mappings": [{"id": "http://dbpedia.org/ontology/year", "score": ""}]}
{"id": "38428277_0_1311643810102462607_Director(s)", "mappings": [{"id": "http://dbpedia.org/ontology/director", "score": ""}]}
{"id": "40844462_1_6230938203735169234_Rel.", "mappings": [{"id": "http://dbpedia.org/ontology/releaseDate", "score": ""}]}
{"id": "40844462_1_6230938203735169234_Director", "mappings": [{"id": "http://dbpedia.org/ontology/director", "score": ""}]}
{"id": "54773498_0_4341462266113591159_Meters", "mappings": [{"id": "http://dbpedia.org/ontology/height", "score": ""}]}
{"id": "54773498_0_4341462266113591159_Feets", "mappings": [{"id": "http://dbpedia.org/ontology/height", "score": ""}]}
{"id": "68779923_4_1832350971585698643_Government", "mappings": [{"id": "http://dbpedia.org/ontology/governmentType", "score": ""}]}
{"id": "68779923_4_1832350971585698643_Languages", "mappings": [{"id": "http://dbpedia.org/ontology/officialLanguage", "score": ""}]}
{"id": "44206774_0_3810538885942465703_Year", "mappings": [{"id": "http://dbpedia.org/ontology/year", "score": ""}]}
{"id": "32051842_5_1757891723986774036_Stadt", "mappings": [{"id": "http://dbpedia.org/ontology/city", "score": ""}]}
{"id": "3962429_0_3452614694863053249_Address", "mappings": [{"id": "http://dbpedia.org/ontology/address", "score": ""}]}
{"id": "69381058_0_984708047398578866_8.848", "mappings": [{"id": "http://dbpedia.org/ontology/elevation", "score": ""}]}
{"id": "19361188_0_1640726405141876003_Height(m)", "mappings": [{"id": "http://dbpedia.org/ontology/height", "score": ""}]}
{"id": "19361188_0_1640726405141876003_Height(ft)", "mappings": [{"id": "http://dbpedia.org/ontology/height", "score": ""}]}
{"id": "12125836_0_1134348206297032434_Format", "mappings": [{"id": "http://dbpedia.org/ontology/format", "score": ""}]}
{"id": "12125836_0_1134348206297032434_Address", "mappings": [{"id": "http://dbpedia.org/ontology/address", "score": ""}]}
{"id": "97941125_0_8220652154649529701_Alphabeticcode", "mappings": [{"id": "http://dbpedia.org/ontology/currencyCode", "score": ""}]}
{"id": "97941125_0_8220652154649529701_Numericcode", "mappings": [{"id": "http://dbpedia.org/ontology/inseeCode", "score": ""}, {"id": "http://dbpedia.org/ontology/iso31661Code", "score": ""}, {"id": "http://dbpedia.org/ontology/vehicleCode", "score": ""}]}
{"id": "97941125_0_8220652154649529701_Symbol", "mappings": [{"id": "http://dbpedia.org/ontology/symbol", "score": ""}]}
{"id": "24417511_0_3058323105166963431_Year", "mappings": [{"id": "http://dbpedia.org/ontology/year", "score": ""}]}
{"id": "9686394_0_5980699488362107028_State", "mappings": [{"id": "http://dbpedia.org/ontology/state", "score": ""}]}
{"id": "25404227_0_2240631045609013057_Year", "mappings": [{"id": "http://dbpedia.org/ontology/year", "score": ""}]}
{"id": "25404227_0_2240631045609013057_Director(s)", "mappings": [{"id": "http://dbpedia.org/ontology/director", "score": ""}]}
{"id": "71840765_0_6664391841933033844_watergauge", "mappings": [{"id": "http://dbpedia.org/ontology/waterGauge", "score": ""}]}
{"id": "49772588_0_6549847739640234347_Dioceses", "mappings": [{"id": "http://dbpedia.org/ontology/diocese", "score": ""}]}
{"id": "88732174_0_7321365014357502211_Year", "mappings": [{"id": "http://dbpedia.org/ontology/year", "score": ""}]}
{"id": "45593932_0_6869375743660252130_Year", "mappings": [{"id": "http://dbpedia.org/ontology/year", "score": ""}]}
{"id": "45593932_0_6869375743660252130_Rationale", "mappings": [{"id": "http://dbpedia.org/ontology/award", "score": ""}]}
{"id": "21362676_0_6854186738074119688_Year", "mappings": [{"id": "http://dbpedia.org/ontology/year", "score": ""}]}
{"id": "52299421_0_4473286348258170200_GDP", "mappings": [{"id": "http://dbpedia.org/ontology/grossDomesticProduct", "score": ""}]}
{"id": "26310680_0_5150772059999313798_ALPHABETICCODE", "mappings": [{"id": "http://dbpedia.org/ontology/currencyCode", "score": ""}]}
{"id": "26310680_0_5150772059999313798_NUMERICCODE", "mappings": [{"id": "http://dbpedia.org/ontology/inseeCode", "score": ""}, {"id": "http://dbpedia.org/ontology/iso31661Code", "score": ""}, {"id": "http://dbpedia.org/ontology/vehicleCode", "score": ""}]}
{"id": "93702496_0_39013305210829591_Founders", "mappings": [{"id": "http://dbpedia.org/ontology/founder", "score": ""}]}
{"id": "29414811_6_8221428333921653560_Year", "mappings": [{"id": "http://dbpedia.org/ontology/year", "score": ""}]}
{"id": "29414811_6_8221428333921653560_Genre", "mappings": [{"id": "http://dbpedia.org/ontology/genre", "score": ""}]}
{"id": "29414811_6_8221428333921653560_Platform(s)", "mappings": [{"id": "http://dbpedia.org/ontology/platform", "score": ""}]}
{"id": "29414811_6_8221428333921653560_Developer(s)", "mappings": [{"id": "http://dbpedia.org/ontology/developer", "score": ""}]}
{"id": "35188621_0_6058553107571275232_Year", "mappings": [{"id": "http://dbpedia.org/ontology/year", "score": ""}]}
{"id": "35188621_0_6058553107571275232_Director(s)", "mappings": [{"id": "http://dbpedia.org/ontology/director", "score": ""}]}
{"id": "89511064_0_2199624509082573904_Continent", "mappings": [{"id": "http://dbpedia.org/ontology/continent", "score": ""}]}
{"id": "89511064_0_2199624509082573904_ISO(2)", "mappings": [{"id": "http://dbpedia.org/ontology/iso31661Code", "score": ""}]}
{"id": "89511064_0_2199624509082573904_ISO(3)", "mappings": [{"id": "http://dbpedia.org/ontology/iso31661Alpha3", "score": ""}]}
{"id": "53822652_0_5767892317858575530_Year", "mappings": [{"id": "http://dbpedia.org/ontology/year", "score": ""}]}
{"id": "53822652_0_5767892317858575530_Director", "mappings": [{"id": "http://dbpedia.org/ontology/director", "score": ""}]}
{"id": "39759273_0_1427898308030295194_Year", "mappings": [{"id": "http://dbpedia.org/ontology/year", "score": ""}]}
{"id": "39759273_0_1427898308030295194_Director", "mappings": [{"id": "http://dbpedia.org/ontology/director", "score": ""}]}
{"id": "22864497_0_8632623712684511496_Publisher", "mappings": [{"id": "http://dbpedia.org/ontology/publisher", "score": ""}]}
{"id": "22864497_0_8632623712684511496_NorthAmerica", "mappings": [{"id": "http://dbpedia.org/ontology/region", "score": ""}]}
{"id": "22864497_0_8632623712684511496_Europe", "mappings": [{"id": "http://dbpedia.org/ontology/region", "score": ""}]}
{"id": "22864497_0_8632623712684511496_Japan", "mappings": [{"id": "http://dbpedia.org/ontology/region", "score": ""}]}
{"id": "22864497_0_8632623712684511496_Cost", "mappings": [{"id": "http://dbpedia.org/ontology/cost", "score": ""}]}
{"id": "22864497_0_8632623712684511496_Size", "mappings": [{"id": "http://dbpedia.org/ontology/size", "score": ""}]}
{"id": "46671561_0_6122315295162029872_Genre", "mappings": [{"id": "http://dbpedia.org/ontology/genre", "score": ""}]}
{"id": "46671561_0_6122315295162029872_Platform", "mappings": [{"id": "http://dbpedia.org/ontology/platform", "score": ""}]}
{"id": "46671561_0_6122315295162029872_Release", "mappings": [{"id": "http://dbpedia.org/ontology/releaseDate", "score": ""}]}
{"id": "98312357_0_6395417306876145729_Spouse", "mappings": [{"id": "http://dbpedia.org/ontology/spouse", "score": ""}]}
{"id": "90593344_0_8311455501234425088_Height(m)", "mappings": [{"id": "http://dbpedia.org/ontology/height", "score": ""}]}
{"id": "90593344_0_8311455501234425088_Height(Ft)", "mappings": [{"id": "http://dbpedia.org/ontology/height", "score": ""}]}
{"id": "68779923_0_3859283110041832023_Government", "mappings": [{"id": "http://dbpedia.org/ontology/governmentType", "score": ""}]}
{"id": "68779923_0_3859283110041832023_Languages", "mappings": [{"id": "http://dbpedia.org/ontology/officialLanguage", "score": ""}]}
{"id": "57938705_0_8737506792349461963_Platform", "mappings": [{"id": "http://dbpedia.org/ontology/platform", "score": ""}]}
{"id": "57938705_0_8737506792349461963_Year", "mappings": [{"id": "http://dbpedia.org/ontology/year", "score": ""}]}
{"id": "57938705_0_8737506792349461963_Genre", "mappings": [{"id": "http://dbpedia.org/ontology/genre", "score": ""}]}
{"id": "57938705_0_8737506792349461963_Publisher", "mappings": [{"id": "http://dbpedia.org/ontology/publisher", "score": ""}]}
{"id": "57938705_0_8737506792349461963_NorthAmerica", "mappings": [{"id": "http://dbpedia.org/ontology/region", "score": ""}]}
{"id": "57938705_0_8737506792349461963_Europe", "mappings": [{"id": "http://dbpedia.org/ontology/region", "score": ""}]}
{"id": "57938705_0_8737506792349461963_Japan", "mappings": [{"id": "http://dbpedia.org/ontology/region", "score": ""}]}
{"id": "68442591_0_8506821153001360777_Board", "mappings": [{"id": "http://dbpedia.org/ontology/board", "score": ""}]}
{"id": "36102169_0_7739454799295072814_Platform", "mappings": [{"id": "http://dbpedia.org/ontology/platform", "score": ""}]}
{"id": "36102169_0_7739454799295072814_Developer", "mappings": [{"id": "http://dbpedia.org/ontology/developer", "score": ""}]}
{"id": "7929299_0_3253718003116029649_State", "mappings": [{"id": "http://dbpedia.org/ontology/state", "score": ""}]}
{"id": "41336118_0_4331895026409635103_Sales($bil)", "mappings": [{"id": "http://dbpedia.org/ontology/sales", "score": ""}]}
{"id": "41336118_0_4331895026409635103_Assets($bil)", "mappings": [{"id": "http://dbpedia.org/ontology/assets", "score": ""}]}
{"id": "55961337_0_6548713781034932742_Alphabeticcode", "mappings": [{"id": "http://dbpedia.org/ontology/currencyCode", "score": ""}]}
{"id": "55961337_0_6548713781034932742_Numericcode", "mappings": [{"id": "http://dbpedia.org/ontology/inseeCode", "score": ""}, {"id": "http://dbpedia.org/ontology/iso31661Code", "score": ""}, {"id": "http://dbpedia.org/ontology/vehicleCode", "score": ""}]}
{"id": "55961337_0_6548713781034932742_Symbol", "mappings": [{"id": "http://dbpedia.org/ontology/symbol", "score": ""}]}
{"id": "53583534_0_503521622577229691_Stadt", "mappings": [{"id": "http://dbpedia.org/ontology/city", "score": ""}]}
{"id": "53583534_0_503521622577229691_H?he", "mappings": [{"id": "http://dbpedia.org/ontology/height", "score": ""}]}
{"id": "8468806_0_4382447409703007384_Staat(en)", "mappings": [{"id": "http://dbpedia.org/ontology/state", "score": ""}]}
{"id": "8468806_0_4382447409703007384_Max.-Tiefe-(m)", "mappings": [{"id": "http://dbpedia.org/ontology/depth", "score": ""}]}
{"id": "75367212_2_2745466355267233390_Developer(s)", "mappings": [{"id": "http://dbpedia.org/ontology/developer", "score": ""}]}
{"id": "75367212_2_2745466355267233390_Publisher(s)", "mappings": [{"id": "http://dbpedia.org/ontology/publisher", "score": ""}]}
{"id": "75367212_2_2745466355267233390_ReleaseDate", "mappings": [{"id": "http://dbpedia.org/ontology/releaseDate", "score": ""}]}
{"id": "16949304_0_2573050770332101882_Director", "mappings": [{"id": "http://dbpedia.org/ontology/director", "score": ""}]}
{"id": "11833461_1_3811022039809817402_Publisher", "mappings": [{"id": "http://dbpedia.org/ontology/publisher", "score": ""}]}
{"id": "11833461_1_3811022039809817402_EUReleaseDate", "mappings": [{"id": "http://dbpedia.org/ontology/releaseDate", "score": ""}]}
{"id": "11833461_1_3811022039809817402_AUReleaseDate", "mappings": [{"id": "http://dbpedia.org/ontology/releaseDate", "score": ""}]}
{"id": "12183399_0_6725061928072492226_CurrencyCode", "mappings": [{"id": "http://dbpedia.org/ontology/currencyCode", "score": ""}]}
{"id": "29414811_2_4773219892816395776_Year", "mappings": [{"id": "http://dbpedia.org/ontology/year", "score": ""}]}
{"id": "29414811_2_4773219892816395776_Genre", "mappings": [{"id": "http://dbpedia.org/ontology/genre", "score": ""}]}
{"id": "29414811_2_4773219892816395776_Platform(s)", "mappings": [{"id": "http://dbpedia.org/ontology/platform", "score": ""}]}
{"id": "29414811_2_4773219892816395776_Developer(s)", "mappings": [{"id": "http://dbpedia.org/ontology/developer", "score": ""}]}
{"id": "86297395_0_6919201319699354263_Landarea", "mappings": [{"id": "http://dbpedia.org/ontology/areaTotal", "score": ""}]}
{"id": "86297395_0_6919201319699354263_GDPnominal(US$M)", "mappings": [{"id": "http://dbpedia.org/ontology/grossDomesticProduct", "score": ""}]}
{"id": "86297395_0_6919201319699354263_Government", "mappings": [{"id": "http://dbpedia.org/ontology/governmentType", "score": ""}]}
{"id": "24142265_0_4577466141408796359_System", "mappings": [{"id": "http://dbpedia.org/ontology/platform", "score": ""}]}
{"id": "47709681_0_4437772923903322343_Release", "mappings": [{"id": "http://dbpedia.org/ontology/releaseDate", "score": ""}]}
{"id": "21245481_0_8730460088443117515_State/Province", "mappings": [{"id": "http://dbpedia.org/ontology/state", "score": ""}]}
{"id": "29414811_12_251152470253168163_Year", "mappings": [{"id": "http://dbpedia.org/ontology/year", "score": ""}]}
{"id": "29414811_12_251152470253168163_Genre", "mappings": [{"id": "http://dbpedia.org/ontology/genre", "score": ""}]}
{"id": "29414811_12_251152470253168163_Platform(s)", "mappings": [{"id": "http://dbpedia.org/ontology/platform", "score": ""}]}
{"id": "1146722_1_7558140036342906956_ALT(m)", "mappings": [{"id": "http://dbpedia.org/ontology/height", "score": ""}]}
{"id": "30166286_0_1837439231599898748_Year", "mappings": [{"id": "http://dbpedia.org/ontology/year", "score": ""}]}
{"id": "29414811_13_8724394428539174350_Year", "mappings": [{"id": "http://dbpedia.org/ontology/year", "score": ""}]}
{"id": "29414811_13_8724394428539174350_Genre", "mappings": [{"id": "http://dbpedia.org/ontology/genre", "score": ""}]}
{"id": "29414811_13_8724394428539174350_Platform(s)", "mappings": [{"id": "http://dbpedia.org/ontology/platform", "score": ""}]}
{"id": "29414811_13_8724394428539174350_Developer(s)", "mappings": [{"id": "http://dbpedia.org/ontology/developer", "score": ""}]}
{"id": "19654359_0_3020273135042459469_State", "mappings": [{"id": "http://dbpedia.org/ontology/state", "score": ""}]}
{"id": "77694908_0_6083291340991074532_Year", "mappings": [{"id": "http://dbpedia.org/ontology/year", "score": ""}]}
{"id": "77694908_0_6083291340991074532_Director(s)", "mappings": [{"id": "http://dbpedia.org/ontology/director", "score": ""}]}
{"id": "91959037_0_7907661684242014480_System", "mappings": [{"id": "http://dbpedia.org/ontology/platform", "score": ""}]}
{"id": "68779923_5_2067037721454758189_Government", "mappings": [{"id": "http://dbpedia.org/ontology/governmentType", "score": ""}]}
{"id": "68779923_5_2067037721454758189_Languages", "mappings": [{"id": "http://dbpedia.org/ontology/officialLanguage", "score": ""}]}
{"id": "11599512_1_280388135214354946_Endroit", "mappings": [{"id": "http://dbpedia.org/ontology/location", "score": ""}]}
{"id": "98929678_0_3700213490979945526_Basincountries", "mappings": [{"id": "http://dbpedia.org/ontology/country", "score": ""}]}
{"id": "4501311_8_8306082458935575308_Publisher", "mappings": [{"id": "http://dbpedia.org/ontology/publisher", "score": ""}]}
{"id": "14311244_0_7604843865524657408_HEIGHTINMETERS", "mappings": [{"id": "http://dbpedia.org/ontology/elevation", "score": ""}]}
{"id": "50245608_0_871275842592178099_Year", "mappings": [{"id": "http://dbpedia.org/ontology/year", "score": ""}]}
{"id": "50245608_0_871275842592178099_Director", "mappings": [{"id": "http://dbpedia.org/ontology/director", "score": ""}]}
{"id": "50245608_0_871275842592178099_Length", "mappings": [{"id": "http://dbpedia.org/ontology/runtime", "score": ""}]}
{"id": "45533669_1_7463037039059239824_Editeur", "mappings": [{"id": "http://dbpedia.org/ontology/publisher", "score": ""}]}
{"id": "73242003_5_4847571983313033360_Publisher", "mappings": [{"id": "http://dbpedia.org/ontology/publisher", "score": ""}]}
{"id": "3887681_0_7938589465814037992_H?he", "mappings": [{"id": "http://dbpedia.org/ontology/height", "score": ""}]}
{"id": "18422942_0_3659164506677528063_Artist", "mappings": [{"id": "http://dbpedia.org/ontology/artist", "score": ""}]}
